<?xml version="1.0" encoding="UTF-8"?>
<!DOCTYPE topic PUBLIC "-//OASIS//DTD DITA Topic//EN"
 "topic.dtd">
<?Pub Sty _display FontColor="red"?>
<topic id="development_process" xml:lang="en-us">
<title>DITA Open Toolkit development process</title>
<titlealts>
<navtitle>Development process</navtitle>
</titlealts>
<shortdesc>The DITA Open Toolkit (DITA-OT) development process is modeled after development
processes for other popular and successful open-source projects, most notably Eclipse.</shortdesc>
<body>
<p>Version 1.0 was released February 27, 2005. Version 2.0 was released June 29, 2012.</p>
</body>
</topic>
