<?xml version="1.0" encoding="UTF-8"?>
<!DOCTYPE topic PUBLIC "-//OASIS//DTD DITA Topic//EN"
 "topic.dtd">
<?Pub Sty _display FontColor="red"?>
<?Pub Inc?>
<topic id="ditaopentoolkitreleaselifecycle" xml:lang="en-us">
<title>DITA Open Toolkit release management</title>
<titlealts>
<navtitle>Release management</navtitle>
</titlealts>
<shortdesc>The DITA-OT project works with an agile development process; it releases test (milestone)
builds approximately every month, and it encourages feedback on the test builds while function is
being developed. Stable releases are typically issued approximately every six months.</shortdesc>
<prolog>
<metadata>
<keywords>
<indexterm>DITA-OT project<indexterm>release management</indexterm></indexterm>
	<keyword>TestKeyword</keyword>
	<keyword keyref="release.version"></keyword>
</keywords>
</metadata>
</prolog>
<body>
<p>Each iteration begins with a meeting of project contributors. The meeting minutes are stored on
the project Wiki and are available to the public. Active contributors are directly invited to these
meetings, but anybody interested in the DITA-OT development is welcome to attend. If you are
interested in attending these meetings, join the dita-ot-developer mailing list and send a note to
the list or list owners.</p>
<p>Each iteration kick-off meeting covers the following topics:<ul>
<li>Issues from the previous iteration</li>
<li>Plans from each contributor for the upcoming iteration or for new work that will span multiple
iterations</li>
<li>Design discussion for any significant planned features or fixes</li>
<li>Longer-term plans for contributions to the current or following release</li>
<li>(As needed) Other project issues or hot topics,  such as changes to the test and build process,
interest from new contributors, etc.</li>
</ul></p>
<p>The kick-off meeting for the final iteration before a stable build covers the following topics:<ul>
<li>Evaluation of what is allowed in the iteration; the final iteration typically has no major
changes in order to assure quality in the stable build.</li>
<li>Assessment of whether all release notes and other artifacts are up-to-date and ready for a final
build.</li>
</ul></p>
<p>When an iteration is complete, the build is uploaded to SourceForge. Test builds are placed in
the <filepath>Latest Test Build</filepath> folder. At the end of a release cycle, the builds are
loaded to the <filepath>Stable Release</filepath> folder, and the project information is updated to
reflect the latest release.</p>
</body>
</topic><?Pub Caret -1?>
<?Pub *0000002406?>
