<?xml version="1.0" encoding="UTF-8"?>
<!DOCTYPE topic PUBLIC "-//OASIS//DTD DITA Topic//EN"
 "../dtd/topic.dtd">
<topic id="testedplatformsandtools" xml:lang="en-us">
<title>Tested platforms and tools</title>
<shortdesc>The DITA Open Toolkit (DITA-OT) has been tested against certain versions of Ant, ICU for
    Java, JDK, operating systems, XML parsers, and XSLT processors. </shortdesc>
<body>
    <simpletable>
      <sthead>
        <stentry>Application</stentry>
        <stentry>Tested version</stentry>
      </sthead>
      <strow>
        <stentry>Ant</stentry>
        <stentry>
          <sl>
            <sli>Ant 1.7.1</sli>
            <sli>Ant 1.8.2, 1.8.3, 1.8.4</sli>
          </sl>
        </stentry>
      </strow>
      <strow>
        <stentry>ICU for Java</stentry>
        <stentry>
          <sl>
            <sli>ICU4J 3.4.4</sli>
            <sli>ICU4J 49.1</sli>
          </sl>
        </stentry>
      </strow>
      <strow>
        <stentry>JDK</stentry>
        <stentry>
          <sl>
            <sli>IBM 1.6</sli>
            <sli>OpenJDK 1.7</sli>
            <sli>Oracle 1.6</sli>
          </sl>
        </stentry>
      </strow>
      <strow>
        <stentry>Operating system</stentry>
        <stentry>
          <sl>
            <sli>Mac OS X 10.6</sli>
            <sli>Mac OS X 10.7</sli>
            <sli>SLES 10</sli>
            <sli>Windows XP</sli>
            <sli>Windows 7</sli>
          </sl>
        </stentry>
      </strow>
      <strow>
        <stentry>XML parser</stentry>
        <stentry>
          <sl>
            <sli>Xerces 2.9.0</sli>
            <sli>Xerces 2.11.0</sli>
          </sl>
        </stentry>
      </strow>
      <strow>
        <stentry>XSLT processor</stentry>
        <stentry>
          <sl>
            <sli>Saxon 6.5</sli>
            <sli>Saxon 9</sli>
            <sli>Saxon-B 9.1</sli>
            <sli>Saxon-PE/EE 9.3</sli>
            <sli>Xalan-J 2.6</sli>
            <sli>Xalan-J 2.7</sli>
            <sli>Xalan-J 2.7.1</sli>
          </sl>
          <note>The DITA-OT does not officially require XSLT 2.0, since some users are reliant on
            Xalan.</note>
        </stentry>
      </strow>
    </simpletable>
</body>
</topic>
<?Pub *0000001113?>
