<?xml version="1.0" encoding="UTF-8"?>
<!--
 Copyright 2013, Colin Maudry
	
 This file is part of the DITA RDF plugin for the DITA Open toolkit.
 
    The DITA RDF plugin is free software: you can redistribute it and/or modify
    it under the terms of the GNU General Public License as published by
    the Free Software Foundation, either version 3 of the License, or
    (at your option) any later version.
    
    The DITA RDF plugin is distributed in the hope that it will be useful,
    but WITHOUT ANY WARRANTY; without even the implied warranty of
    MERCHANTABILITY or FITNESS FOR A PARTICULAR PURPOSE.  See the
    GNU General Public License for more details.
    
    You should have received a copy of the GNU General Public License
    along with the DITA RDF plugin.  If not, see <http://www.gnu.org/licenses/>.
-->
<doctypes>
	<doctype name="topic">http://purl.org/dita/ns#</doctype>
	<doctype name="map">http://purl.org/dita/ns#</doctype>
	<doctype name="bookmap">http://purl.org/dita/ns#</doctype>
	<doctype name="task">http://purl.org/dita/ns#</doctype>
	<doctype name="concept">http://purl.org/dita/ns#</doctype>
	<doctype name="reference">http://purl.org/dita/ns#</doctype>
</doctypes>

