<?xml version="1.0" ?><job><property name="resourceonlyfile"><string>resourceonly.list</string></property><property name="relflagimagefile"><string>relflagimage.list</string></property><property name="user.input.file.listfile"><string>usr.input.file.list</string></property><property name="chunkedtopicfile"><string>chunkedtopic.list</string></property><property name="relflagimagelist"><string></string></property><property name="user.input.file"><string>flowers.ditamap</string></property><property name="chunkedditamapfile"><string>chunkedditamap.list</string></property><property name="copytotarget2sourcemaplist"><map></map></property><property name="uplevels"><string></string></property><property name="tempdirToinputmapdir.relative.value"><string></string></property><property name="user.input.dir"><string>C:\Users\colin\Documents\OxygenXMLEditor\samples\dita\flowers</string></property><files><file path="topics/flowers/snowdrop.dita" format="dita" has-link="true" skip-chunk="false" has-conref="false" has-keyref="true" chunked-ditamap="false" out-dita="false" non-conref-target="true" conrefpush="false" flag-image="false" chunked="true" conref-target="false" subtarget="false" resource-only="false" target="true" active="true" copy-to-source="false" has-coderef="false" subjectscheme="false"></file><file path="tasks/pruning.dita" format="dita" has-link="false" skip-chunk="false" has-conref="false" has-keyref="false" chunked-ditamap="false" out-dita="false" non-conref-target="true" conrefpush="false" flag-image="false" chunked="true" conref-target="false" subtarget="false" resource-only="false" target="true" active="true" copy-to-source="false" has-coderef="false" subjectscheme="false"></file><file path="concepts/glossaryPollination.dita" format="dita" has-link="false" skip-chunk="false" has-conref="false" has-keyref="false" chunked-ditamap="false" out-dita="false" non-conref-target="true" conrefpush="false" flag-image="false" chunked="true" conref-target="false" subtarget="false" resource-only="false" target="true" active="true" copy-to-source="false" has-coderef="false" subjectscheme="false"></file><file path="concepts/glossaryPanicle.dita" format="dita" has-link="false" skip-chunk="false" has-conref="false" has-keyref="false" chunked-ditamap="false" out-dita="false" non-conref-target="true" conrefpush="false" flag-image="false" chunked="true" conref-target="false" subtarget="false" resource-only="false" target="true" active="true" copy-to-source="false" has-coderef="false" subjectscheme="false"></file><file path="concepts/summerFlowers.dita" format="dita" has-link="false" skip-chunk="false" has-conref="false" has-keyref="false" chunked-ditamap="false" out-dita="false" non-conref-target="true" conrefpush="false" flag-image="false" chunked="true" conref-target="false" subtarget="false" resource-only="false" target="true" active="true" copy-to-source="false" has-coderef="false" subjectscheme="false"></file><file path="topics/care.dita" format="dita" has-link="false" skip-chunk="false" has-conref="false" has-keyref="false" chunked-ditamap="false" out-dita="false" non-conref-target="true" conrefpush="false" flag-image="false" chunked="true" conref-target="false" subtarget="false" resource-only="false" target="true" active="true" copy-to-source="false" has-coderef="false" subjectscheme="false"></file><file path="images/Gardeniaflower.jpg" format="image" has-link="false" skip-chunk="false" has-conref="false" has-keyref="false" chunked-ditamap="false" out-dita="false" non-conref-target="false" conrefpush="false" flag-image="false" chunked="false" conref-target="false" subtarget="false" resource-only="false" target="false" active="false" copy-to-source="false" has-coderef="false" subjectscheme="false"></file><file path="images/Chrysanthemums.jpg" format="image" has-link="false" skip-chunk="false" has-conref="false" has-keyref="false" chunked-ditamap="false" out-dita="false" non-conref-target="false" conrefpush="false" flag-image="false" chunked="false" conref-target="false" subtarget="false" resource-only="false" target="false" active="false" copy-to-source="false" has-coderef="false" subjectscheme="false"></file><file path="flowers.ditamap" format="ditamap" has-link="false" skip-chunk="false" has-conref="false" has-keyref="false" chunked-ditamap="false" out-dita="false" non-conref-target="false" conrefpush="false" flag-image="false" chunked="false" conref-target="false" subtarget="false" resource-only="false" target="false" active="true" copy-to-source="false" has-coderef="false" subjectscheme="false"></file><file path="images/Lilac.jpg" format="image" has-link="false" skip-chunk="false" has-conref="false" has-keyref="false" chunked-ditamap="false" out-dita="false" non-conref-target="false" conrefpush="false" flag-image="false" chunked="false" conref-target="false" subtarget="false" resource-only="false" target="false" active="false" copy-to-source="false" has-coderef="false" subjectscheme="false"></file><file path="images/Gerbera.jpg" format="image" has-link="false" skip-chunk="false" has-conref="false" has-keyref="false" chunked-ditamap="false" out-dita="false" non-conref-target="false" conrefpush="false" flag-image="false" chunked="false" conref-target="false" subtarget="false" resource-only="false" target="false" active="false" copy-to-source="false" has-coderef="false" subjectscheme="false"></file><file path="images/Iris_sanguinea.jpg" format="image" has-link="false" skip-chunk="false" has-conref="false" has-keyref="false" chunked-ditamap="false" out-dita="false" non-conref-target="false" conrefpush="false" flag-image="false" chunked="false" conref-target="false" subtarget="false" resource-only="false" target="false" active="false" copy-to-source="false" has-coderef="false" subjectscheme="false"></file><file path="concepts/springFlowers.dita" format="dita" has-link="false" skip-chunk="false" has-conref="false" has-keyref="false" chunked-ditamap="false" out-dita="false" non-conref-target="true" conrefpush="false" flag-image="false" chunked="true" conref-target="false" subtarget="false" resource-only="false" target="true" active="true" copy-to-source="false" has-coderef="false" subjectscheme="false"></file><file path="topics/flowers/gardenia.dita" format="dita" has-link="true" skip-chunk="false" has-conref="false" has-keyref="true" chunked-ditamap="false" out-dita="false" non-conref-target="true" conrefpush="false" flag-image="false" chunked="true" conref-target="false" subtarget="false" resource-only="false" target="true" active="true" copy-to-source="false" has-coderef="false" subjectscheme="false"></file><file path="concepts/glossaryGenus.dita" format="dita" has-link="false" skip-chunk="false" has-conref="false" has-keyref="false" chunked-ditamap="false" out-dita="false" non-conref-target="true" conrefpush="false" flag-image="false" chunked="true" conref-target="false" subtarget="false" resource-only="false" target="true" active="true" copy-to-source="false" has-coderef="false" subjectscheme="false"></file><file path="concepts/glossaryPerennial.dita" format="dita" has-link="false" skip-chunk="false" has-conref="false" has-keyref="false" chunked-ditamap="false" out-dita="false" non-conref-target="true" conrefpush="false" flag-image="false" chunked="true" conref-target="false" subtarget="false" resource-only="false" target="true" active="true" copy-to-source="false" has-coderef="false" subjectscheme="false"></file><file path="tasks/gardenPreparation.dita" format="dita" has-link="false" skip-chunk="false" has-conref="false" has-keyref="false" chunked-ditamap="false" out-dita="false" non-conref-target="true" conrefpush="false" flag-image="false" chunked="true" conref-target="false" subtarget="false" resource-only="false" target="true" active="true" copy-to-source="false" has-coderef="false" subjectscheme="false"></file><file path="topics/introduction.dita" format="dita" has-link="false" skip-chunk="false" has-conref="false" has-keyref="true" chunked-ditamap="false" out-dita="false" non-conref-target="true" conrefpush="false" flag-image="false" chunked="true" conref-target="false" subtarget="false" resource-only="false" target="true" active="true" copy-to-source="false" has-coderef="false" subjectscheme="false"></file><file path="topics/flowers/iris.dita" format="dita" has-link="true" skip-chunk="false" has-conref="false" has-keyref="true" chunked-ditamap="false" out-dita="false" non-conref-target="true" conrefpush="false" flag-image="false" chunked="true" conref-target="false" subtarget="false" resource-only="false" target="true" active="true" copy-to-source="false" has-coderef="false" subjectscheme="false"></file><file path="concepts/glossaryBulb.dita" format="dita" has-link="false" skip-chunk="false" has-conref="false" has-keyref="false" chunked-ditamap="false" out-dita="false" non-conref-target="true" conrefpush="false" flag-image="false" chunked="true" conref-target="false" subtarget="false" resource-only="false" target="true" active="true" copy-to-source="false" has-coderef="false" subjectscheme="false"></file><file path="concepts/autumnFlowers.dita" format="dita" has-link="false" skip-chunk="false" has-conref="false" has-keyref="false" chunked-ditamap="false" out-dita="false" non-conref-target="true" conrefpush="false" flag-image="false" chunked="true" conref-target="false" subtarget="false" resource-only="false" target="true" active="true" copy-to-source="false" has-coderef="false" subjectscheme="false"></file><file path="concepts/winterFlowers.dita" format="dita" has-link="false" skip-chunk="false" has-conref="false" has-keyref="false" chunked-ditamap="false" out-dita="false" non-conref-target="true" conrefpush="false" flag-image="false" chunked="true" conref-target="false" subtarget="false" resource-only="false" target="true" active="true" copy-to-source="false" has-coderef="false" subjectscheme="false"></file><file path="topics/flowers/salvia.dita" format="dita" has-link="true" skip-chunk="false" has-conref="false" has-keyref="true" chunked-ditamap="false" out-dita="false" non-conref-target="true" conrefpush="false" flag-image="false" chunked="true" conref-target="false" subtarget="false" resource-only="false" target="true" active="true" copy-to-source="false" has-coderef="false" subjectscheme="false"></file><file path="topics/flowers/lilac.dita" format="dita" has-link="true" skip-chunk="false" has-conref="false" has-keyref="true" chunked-ditamap="false" out-dita="false" non-conref-target="true" conrefpush="false" flag-image="false" chunked="true" conref-target="false" subtarget="false" resource-only="false" target="true" active="true" copy-to-source="false" has-coderef="false" subjectscheme="false"></file><file path="topics/flowers/chrysanthemum.dita" format="dita" has-link="true" skip-chunk="false" has-conref="false" has-keyref="true" chunked-ditamap="false" out-dita="false" non-conref-target="true" conrefpush="false" flag-image="false" chunked="true" conref-target="false" subtarget="false" resource-only="false" target="true" active="true" copy-to-source="false" has-coderef="false" subjectscheme="false"></file><file path="topics/copyright.dita" format="dita" has-link="true" skip-chunk="false" has-conref="false" has-keyref="false" chunked-ditamap="false" out-dita="false" non-conref-target="true" conrefpush="false" flag-image="false" chunked="true" conref-target="false" subtarget="false" resource-only="false" target="true" active="true" copy-to-source="false" has-coderef="false" subjectscheme="false"></file><file path="topics/index.dita" format="dita" has-link="false" skip-chunk="false" has-conref="false" has-keyref="false" chunked-ditamap="false" out-dita="false" non-conref-target="true" conrefpush="false" flag-image="false" chunked="true" conref-target="false" subtarget="false" resource-only="false" target="true" active="true" copy-to-source="false" has-coderef="false" subjectscheme="false"></file><file path="topics/flowers/gerbera.dita" format="dita" has-link="true" skip-chunk="false" has-conref="false" has-keyref="true" chunked-ditamap="false" out-dita="false" non-conref-target="true" conrefpush="false" flag-image="false" chunked="true" conref-target="false" subtarget="false" resource-only="false" target="true" active="true" copy-to-source="false" has-coderef="false" subjectscheme="false"></file><file path="images/Snowdrop.jpg" format="image" has-link="false" skip-chunk="false" has-conref="false" has-keyref="false" chunked-ditamap="false" out-dita="false" non-conref-target="false" conrefpush="false" flag-image="false" chunked="false" conref-target="false" subtarget="false" resource-only="false" target="false" active="false" copy-to-source="false" has-coderef="false" subjectscheme="false"></file><file path="concepts/glossarySepal.dita" format="dita" has-link="false" skip-chunk="false" has-conref="false" has-keyref="false" chunked-ditamap="false" out-dita="false" non-conref-target="true" conrefpush="false" flag-image="false" chunked="true" conref-target="false" subtarget="false" resource-only="false" target="true" active="true" copy-to-source="false" has-coderef="false" subjectscheme="false"></file><file path="concepts/glossaryCultivar.dita" format="dita" has-link="false" skip-chunk="false" has-conref="false" has-keyref="false" chunked-ditamap="false" out-dita="false" non-conref-target="true" conrefpush="false" flag-image="false" chunked="true" conref-target="false" subtarget="false" resource-only="false" target="true" active="true" copy-to-source="false" has-coderef="false" subjectscheme="false"></file><file path="images/Salvia.jpg" format="image" has-link="false" skip-chunk="false" has-conref="false" has-keyref="false" chunked-ditamap="false" out-dita="false" non-conref-target="false" conrefpush="false" flag-image="false" chunked="false" conref-target="false" subtarget="false" resource-only="false" target="false" active="false" copy-to-source="false" has-coderef="false" subjectscheme="false"></file><file path="concepts/glossaryRhizome.dita" format="dita" has-link="false" skip-chunk="false" has-conref="false" has-keyref="false" chunked-ditamap="false" out-dita="false" non-conref-target="true" conrefpush="false" flag-image="false" chunked="true" conref-target="false" subtarget="false" resource-only="false" target="true" active="true" copy-to-source="false" has-coderef="false" subjectscheme="false"></file></files></job>