<?xml version="1.0" ?><stub><keydef keys="flowers.sepal" href="concepts/glossarySepal.dita" scope="local" source="flowers.ditamap"></keydef><keydef keys="flowers.cultivar" href="concepts/glossaryCultivar.dita" scope="local" source="flowers.ditamap"></keydef><keydef keys="flowers.rhizome" href="concepts/glossaryRhizome.dita" scope="local" source="flowers.ditamap"></keydef><keydef keys="flowers.perennial" href="concepts/glossaryPerennial.dita" scope="local" source="flowers.ditamap"></keydef><keydef keys="flowers.bulb" href="concepts/glossaryBulb.dita" scope="local" source="flowers.ditamap"></keydef><keydef keys="flowers.panicle" href="concepts/glossaryPanicle.dita" scope="local" source="flowers.ditamap"></keydef><keydef keys="flowers.pollination" href="concepts/glossaryPollination.dita" scope="local" source="flowers.ditamap"></keydef><keydef keys="flowers.genus" href="concepts/glossaryGenus.dita" scope="local" source="flowers.ditamap"></keydef></stub>