<?xml version="1.0" ?><job><property name="resourceonlyfile"><string>resourceonly.list</string></property><property name="user.input.file.listfile"><string>usr.input.file.list</string></property><property name="relflagimagefile"><string>relflagimage.list</string></property><property name="chunkedtopicfile"><string>chunkedtopic.list</string></property><property name="user.input.file"><string>taskbook.ditamap</string></property><property name="relflagimagelist"><string></string></property><property name="chunkedditamapfile"><string>chunkedditamap.list</string></property><property name="copytotarget2sourcemaplist"><map></map></property><property name="uplevels"><string></string></property><property name="tempdirToinputmapdir.relative.value"><string></string></property><property name="user.input.dir"><string>C:\Users\colin\Documents\OxygenXMLEditor\samples\dita\it-book</string></property><files><file path="tasks/insertdrive.dita" format="dita" has-link="false" skip-chunk="false" has-conref="false" has-keyref="false" chunked-ditamap="false" out-dita="false" non-conref-target="true" conrefpush="false" flag-image="false" chunked="true" conref-target="false" subtarget="false" resource-only="false" target="true" active="true" copy-to-source="false" has-coderef="false" subjectscheme="false"></file><file path="tasks/maintaindatabase.dita" format="dita" has-link="false" skip-chunk="false" has-conref="false" has-keyref="false" chunked-ditamap="false" out-dita="false" non-conref-target="true" conrefpush="false" flag-image="false" chunked="true" conref-target="false" subtarget="false" resource-only="false" target="true" active="true" copy-to-source="false" has-coderef="false" subjectscheme="false"></file><file path="topics/trademarks.dita" format="dita" has-link="false" skip-chunk="false" has-conref="false" has-keyref="false" chunked-ditamap="false" out-dita="false" non-conref-target="true" conrefpush="false" flag-image="false" chunked="true" conref-target="false" subtarget="false" resource-only="false" target="true" active="true" copy-to-source="false" has-coderef="false" subjectscheme="false"></file><file path="taskbook.ditamap" format="ditamap" has-link="false" skip-chunk="false" has-conref="false" has-keyref="false" chunked-ditamap="false" out-dita="false" non-conref-target="false" conrefpush="false" flag-image="false" chunked="false" conref-target="false" subtarget="false" resource-only="false" target="false" active="true" copy-to-source="false" has-coderef="false" subjectscheme="false"></file><file path="tasks/installwebserver.dita" format="dita" has-link="false" skip-chunk="false" has-conref="false" has-keyref="false" chunked-ditamap="false" out-dita="false" non-conref-target="true" conrefpush="false" flag-image="false" chunked="true" conref-target="false" subtarget="false" resource-only="false" target="true" active="true" copy-to-source="false" has-coderef="false" subjectscheme="false"></file><file path="tasks/webtrouble.dita" format="dita" has-link="false" skip-chunk="false" has-conref="false" has-keyref="false" chunked-ditamap="false" out-dita="false" non-conref-target="true" conrefpush="false" flag-image="false" chunked="true" conref-target="false" subtarget="false" resource-only="false" target="true" active="true" copy-to-source="false" has-coderef="false" subjectscheme="false"></file><file path="tasks/installdb.dita" format="dita" has-link="false" skip-chunk="false" has-conref="false" has-keyref="false" chunked-ditamap="false" out-dita="false" non-conref-target="true" conrefpush="false" flag-image="false" chunked="true" conref-target="false" subtarget="false" resource-only="false" target="true" active="true" copy-to-source="false" has-coderef="false" subjectscheme="false"></file><file path="topics/task_preface.dita" format="dita" has-link="false" skip-chunk="false" has-conref="false" has-keyref="false" chunked-ditamap="false" out-dita="false" non-conref-target="true" conrefpush="false" flag-image="false" chunked="true" conref-target="false" subtarget="false" resource-only="false" target="true" active="true" copy-to-source="false" has-coderef="false" subjectscheme="false"></file><file path="tasks/configuredatabase.dita" format="dita" has-link="false" skip-chunk="false" has-conref="false" has-keyref="false" chunked-ditamap="false" out-dita="false" non-conref-target="true" conrefpush="false" flag-image="false" chunked="true" conref-target="false" subtarget="false" resource-only="false" target="true" active="true" copy-to-source="false" has-coderef="false" subjectscheme="false"></file><file path="tasks/replacecover.dita" format="dita" has-link="false" skip-chunk="false" has-conref="false" has-keyref="false" chunked-ditamap="false" out-dita="false" non-conref-target="true" conrefpush="false" flag-image="false" chunked="true" conref-target="false" subtarget="false" resource-only="false" target="true" active="true" copy-to-source="false" has-coderef="false" subjectscheme="false"></file><file path="tasks/configurewebserver.dita" format="dita" has-link="false" skip-chunk="false" has-conref="false" has-keyref="false" chunked-ditamap="false" out-dita="false" non-conref-target="true" conrefpush="false" flag-image="false" chunked="true" conref-target="false" subtarget="false" resource-only="false" target="true" active="true" copy-to-source="false" has-coderef="false" subjectscheme="false"></file><file path="tasks/restart.dita" format="dita" has-link="false" skip-chunk="false" has-conref="false" has-keyref="false" chunked-ditamap="false" out-dita="false" non-conref-target="true" conrefpush="false" flag-image="false" chunked="true" conref-target="false" subtarget="false" resource-only="false" target="true" active="true" copy-to-source="false" has-coderef="false" subjectscheme="false"></file><file path="tasks/databasetrouble.dita" format="dita" has-link="false" skip-chunk="false" has-conref="false" has-keyref="false" chunked-ditamap="false" out-dita="false" non-conref-target="true" conrefpush="false" flag-image="false" chunked="true" conref-target="false" subtarget="false" resource-only="false" target="true" active="true" copy-to-source="false" has-coderef="false" subjectscheme="false"></file><file path="concepts/taskbook-abstract.dita" format="dita" has-link="false" skip-chunk="false" has-conref="false" has-keyref="false" chunked-ditamap="false" out-dita="false" non-conref-target="true" conrefpush="false" flag-image="false" chunked="true" conref-target="false" subtarget="false" resource-only="false" target="true" active="true" copy-to-source="false" has-coderef="false" subjectscheme="false"></file><file path="topics/task_appendix.dita" format="dita" has-link="false" skip-chunk="false" has-conref="false" has-keyref="false" chunked-ditamap="false" out-dita="false" non-conref-target="true" conrefpush="false" flag-image="false" chunked="true" conref-target="false" subtarget="false" resource-only="false" target="true" active="true" copy-to-source="false" has-coderef="false" subjectscheme="false"></file><file path="tasks/maintainserver.dita" format="dita" has-link="false" skip-chunk="false" has-conref="false" has-keyref="false" chunked-ditamap="false" out-dita="false" non-conref-target="true" conrefpush="false" flag-image="false" chunked="true" conref-target="false" subtarget="false" resource-only="false" target="true" active="true" copy-to-source="false" has-coderef="false" subjectscheme="false"></file><file path="tasks/maintaining.dita" format="dita" has-link="false" skip-chunk="false" has-conref="false" has-keyref="false" chunked-ditamap="false" out-dita="false" non-conref-target="true" conrefpush="false" flag-image="false" chunked="true" conref-target="false" subtarget="false" resource-only="false" target="true" active="true" copy-to-source="false" has-coderef="false" subjectscheme="false"></file><file path="tasks/configurestorage.dita" format="dita" has-link="false" skip-chunk="false" has-conref="false" has-keyref="false" chunked-ditamap="false" out-dita="false" non-conref-target="true" conrefpush="false" flag-image="false" chunked="true" conref-target="false" subtarget="false" resource-only="false" target="true" active="true" copy-to-source="false" has-coderef="false" subjectscheme="false"></file><file path="tasks/drivetrouble.dita" format="dita" has-link="false" skip-chunk="false" has-conref="false" has-keyref="false" chunked-ditamap="false" out-dita="false" non-conref-target="true" conrefpush="false" flag-image="false" chunked="true" conref-target="false" subtarget="false" resource-only="false" target="true" active="true" copy-to-source="false" has-coderef="false" subjectscheme="false"></file><file path="topics/installing.dita" format="dita" has-link="false" skip-chunk="false" has-conref="false" has-keyref="false" chunked-ditamap="false" out-dita="false" non-conref-target="true" conrefpush="false" flag-image="false" chunked="true" conref-target="false" subtarget="false" resource-only="false" target="true" active="true" copy-to-source="false" has-coderef="false" subjectscheme="false"></file><file path="tasks/unscrewcover.dita" format="dita" has-link="false" skip-chunk="false" has-conref="false" has-keyref="false" chunked-ditamap="false" out-dita="false" non-conref-target="true" conrefpush="false" flag-image="false" chunked="true" conref-target="false" subtarget="false" resource-only="false" target="true" active="true" copy-to-source="false" has-coderef="false" subjectscheme="false"></file><file path="tasks/runsetup.dita" format="dita" has-link="false" skip-chunk="false" has-conref="false" has-keyref="false" chunked-ditamap="false" out-dita="false" non-conref-target="true" conrefpush="false" flag-image="false" chunked="true" conref-target="false" subtarget="false" resource-only="false" target="true" active="true" copy-to-source="false" has-coderef="false" subjectscheme="false"></file><file path="tasks/closeprograms.dita" format="dita" has-link="false" skip-chunk="false" has-conref="false" has-keyref="false" chunked-ditamap="false" out-dita="false" non-conref-target="true" conrefpush="false" flag-image="false" chunked="true" conref-target="false" subtarget="false" resource-only="false" target="true" active="true" copy-to-source="false" has-coderef="false" subjectscheme="false"></file><file path="tasks/configuring.dita" format="dita" has-link="false" skip-chunk="false" has-conref="false" has-keyref="false" chunked-ditamap="false" out-dita="false" non-conref-target="true" conrefpush="false" flag-image="false" chunked="true" conref-target="false" subtarget="false" resource-only="false" target="true" active="true" copy-to-source="false" has-coderef="false" subjectscheme="false"></file><file path="concepts/notices.dita" format="dita" has-link="false" skip-chunk="false" has-conref="false" has-keyref="false" chunked-ditamap="false" out-dita="false" non-conref-target="true" conrefpush="false" flag-image="false" chunked="true" conref-target="false" subtarget="false" resource-only="false" target="true" active="true" copy-to-source="false" has-coderef="false" subjectscheme="false"></file><file path="tasks/maintainstorage.dita" format="dita" has-link="false" skip-chunk="false" has-conref="false" has-keyref="false" chunked-ditamap="false" out-dita="false" non-conref-target="true" conrefpush="false" flag-image="false" chunked="true" conref-target="false" subtarget="false" resource-only="false" target="true" active="true" copy-to-source="false" has-coderef="false" subjectscheme="false"></file><file path="tasks/installstorage.dita" format="dita" has-link="false" skip-chunk="false" has-conref="false" has-keyref="false" chunked-ditamap="false" out-dita="false" non-conref-target="true" conrefpush="false" flag-image="false" chunked="true" conref-target="false" subtarget="false" resource-only="false" target="true" active="true" copy-to-source="false" has-coderef="false" subjectscheme="false"></file><file path="tasks/troubleshooting.dita" format="dita" has-link="false" skip-chunk="false" has-conref="false" has-keyref="false" chunked-ditamap="false" out-dita="false" non-conref-target="true" conrefpush="false" flag-image="false" chunked="true" conref-target="false" subtarget="false" resource-only="false" target="true" active="true" copy-to-source="false" has-coderef="false" subjectscheme="false"></file></files></job>